trade_date,prev_trade_date,ts_code,industry,name,close,pct_chg,amount_x,limit_amount,float_mv,total_mv,turnover_ratio,fd_amount,first_time,last_time,open_times,up_stat,limit_times,limit,pre_close,price,amount_y,turnover_rate,auction_pct,auction_amount_yi,circ_mv_yi,prev_5d,prev_10d,high20,high60,pct_rank,turn_rank,amt_rank,pct_pool_size,turn_pool_size,amt_pool_size,pct_rank_ratio,turn_rank_ratio,amt_rank_ratio,auction_new20,auction_new60,daily_close,daily_open,daily_pct_chg,close_vs_auction_pct
20260409,20260408,000426.SZ,贵金属,兴业银锡,43.56,10.0,2388508560.0,,77327950011.84,77346693008.64,3.13,230707045.0,94018,94542,4,1/1,1,U,43.56,43.15,108692390.45,0.141896,-0.9412304866850407,1.0869239045,773.27950012,8.30432620586774,13.882352941176478,52.0,74.8,78.0,50.0,7.0,100,100,100,0.78,0.5,0.07,False,False,43.56,43.15,0.0,0.9501738122827433
20260409,20260408,000506.SZ,贵金属,招金黄金,18.71,9.99,877206640.0,,17376107240.31,17381922289.6,5.17,66240884.0,112636,112636,0,1/1,1,U,18.71,18.24,14633952.0,0.0863889,-2.512025654730099,0.14633952,173.7610724,10.318396226415082,15.851393188854512,20.52,28.52,93.0,68.0,55.0,100,100,100,0.93,0.68,0.55,False,False,19.69,18.24,5.2378,7.949561403508788
20260409,20260408,000534.SZ,生物制品,万泽股份,39.33,10.01,249156940.0,,19663836461.28,20040542976.96,1.27,77142333.0,93045,93045,0,1/1,1,U,39.33,40.5,14624550.0,0.0722243,2.9748283752860427,0.1462455,196.63836461,10.976297968397297,-1.006795872136923,47.62,49.14,13.0,73.0,56.0,100,100,100,0.13,0.73,0.56,False,False,41.53,40.5,5.5937,2.5432098765432127
20260409,20260408,000551.SZ,环保设备,创元科技,13.94,10.02,156602607.0,,6754587995.88,6757178577.6,2.35,154529834.0,93754,93754,0,1/1,1,U,13.94,14.12,8421168.0,0.123084,1.2912482065997155,0.08421168,67.54587996000001,5.287009063444104,6.0882800608828,14.88,16.3,27.0,57.0,70.0,100,100,100,0.27,0.57,0.7,False,False,13.94,14.12,0.0,-1.274787535410763
20260409,20260408,000727.SZ,光学光电,冠捷科技,2.82,10.16,581913200.0,,12773378883.6,12773378872.32,4.65,88195330.0,95103,95103,0,1/1,1,U,2.82,2.84,30408448.0,0.236385,0.7092198581560183,0.30408448,127.73378884,8.461538461538453,4.0590405904058935,2.85,2.85,38.0,24.0,35.0,100,100,100,0.38,0.24,0.35,False,False,2.81,2.84,-0.3546,-1.0563380281690073
20260409,20260408,000811.SZ,通用设备,冰轮环境,18.43,10.03,538276560.0,,18031832400.83,18291369245.12,3.06,105590040.0,133412,133412,0,1/1,1,U,18.43,18.35,5686665.0,0.0316743,-0.43407487791643495,0.05686665,180.31832401,7.026713124274098,1.7669795692987211,21.43,22.08,68.0,96.0,84.0,100,100,100,0.68,0.96,0.84,False,False,18.72,18.35,1.5735,2.016348773841948
20260409,20260408,000889.SZ,通信服务,中嘉博创,3.59,10.12,108721843.0,,3122760336.84,3361285120.8,3.52,23143868.0,94103,94103,0,1/1,1,U,3.59,3.66,15343452.0,0.481945,1.9498607242339983,0.15343452,31.227603370000004,6.845238095238093,11.490683229813659,3.66,4.04,21.0,11.0,54.0,100,100,100,0.21,0.11,0.54,True,False,3.95,3.66,10.0279,7.923497267759563
20260409,20260408,000892.SZ,影视院线,欢瑞世纪,6.68,10.05,528887360.0,,4748387512.72,6552949606.4,11.45,39713268.0,104503,104906,2,1/1,1,U,6.68,6.5,19454500.0,0.421053,-2.6946107784431073,0.194545,47.48387513,10.049423393739687,14.188034188034182,6.68,9.87,94.0,12.0,46.0,100,100,100,0.94,0.12,0.46,False,False,6.44,6.5,-3.5928,-0.9230769230769171
20260409,20260408,000917.SZ,电视广播,电广传媒,9.86,10.04,796777744.0,,13976149319.18,13977105472.96,5.83,20869676.0,105921,132003,1,1/1,1,U,9.86,9.66,25552632.0,0.186616,-2.0283975659229125,0.25552632,139.76149319,5.454545454545445,6.479481641468676,10.7,14.45,91.0,36.0,40.0,100,100,100,0.91,0.36,0.4,False,False,9.79,9.66,-0.7099,1.3457556935817703
20260409,20260408,000962.SZ,小金属,东方钽业,44.51,10.01,814909824.0,,22328831630.15,23477251721.6,3.74,101119687.0,131215,131215,0,1/1,1,U,44.51,44.51,11314442.0,0.0506719,0.0,0.11314442,223.28831630000002,0.22517451024544055,1.0442678774120306,58.0,59.95,48.0,83.0,62.0,100,100,100,0.48,0.83,0.62,False,False,45.33,44.51,1.8423,1.8422826331161541
20260409,20260408,000978.SZ,旅游及景,桂林旅游,8.05,9.97,344924816.0,,3768368012.5,3768446500.0,9.38,30656935.0,95512,110212,1,1/1,1,U,8.05,8.3,20055290.0,0.516171,3.105590062111796,0.2005529,37.68368013,4.545454545454541,19.97019374068556,8.05,8.05,11.0,10.0,45.0,100,100,100,0.11,0.1,0.45,True,True,7.92,8.3,-1.6149,-4.578313253012057
20260409,20260408,001267.SZ,基础建设,汇绿生态,44.3,10.01,2244574544.0,,26829965319.4,34782794969.6,8.63,60179335.0,135445,135445,0,1/1,1,U,44.3,44.2,22453600.0,0.0838779,-0.22573363431149795,0.224536,268.29965318999996,17.319915254237284,10.226424483702413,49.95,49.95,64.0,69.0,43.0,100,100,100,0.64,0.69,0.43,False,False,43.29,44.2,-2.2799,-2.058823529411773
20260409,20260408,001287.SZ,其他电子,中电港,25.26,10.02,832404848.0,,11048585019.48,19195076424.96,7.73,91241014.0,111200,111200,0,1/1,1,U,25.26,25.26,12976062.0,0.117445,0.0,0.12976062,110.48585019000001,4.250928600907966,0.35756853396899935,26.83,27.58,48.0,61.0,57.0,100,100,100,0.48,0.61,0.57,False,False,25.58,25.26,1.2668,1.2668250197941278
20260409,20260408,001337.SZ,贵金属,四川黄金,51.32,10.01,1000232624.0,,21554400000.0,21554400000.0,4.76,28169548.0,130745,131357,1,1/1,1,U,51.32,50.68,41233197.32,0.193714,-1.247077162899457,0.4123319732,215.544,2.3125996810207328,12.150349650349646,57.52,73.55,84.0,33.0,25.0,100,100,100,0.84,0.33,0.25,False,False,50.79,50.68,-1.0327,0.2170481452249397
20260409,20260408,001389.SZ,元件,广合科技,125.62,10.0,1088752912.0,,19083805877.18,59348726817.6,5.86,147663295.0,103306,103306,0,1/1,1,U,125.62,128.13,31136871.3,0.159962,1.9980894761980394,0.311368713,190.83805877,7.985902174847426,22.103421461897366,127.88,127.88,20.0,44.0,34.0,100,100,100,0.2,0.44,0.34,True,True,127.12,128.13,1.1941,-0.7882619214859837
20260409,20260408,002008.SZ,自动化设,大族激光,70.8,10.01,3990649520.0,,67736060686.8,72895921286.4,6.1,123829483.0,130518,131821,6,1/1,1,U,70.8,71.0,47222526.0,0.0695191,0.28248587570622874,0.47222526,677.36060687,15.53524804177544,14.637305699481873,75.06,75.88,45.0,74.0,21.0,100,100,100,0.45,0.74,0.21,False,False,76.36,71.0,7.8531,7.549295774647886
20260409,20260408,002042.SZ,纺织制造,华孚时尚,4.53,9.95,159727030.0,,7704086538.15,7704086560.8,2.1,63970934.0,93342,93342,0,1/1,1,U,4.53,4.65,15666315.0,0.198103,2.6490066225165476,0.15666315,77.04086538,5.104408352668233,12.128712871287139,4.8,4.8,15.0,31.0,52.0,100,100,100,0.15,0.31,0.52,False,False,4.5,4.65,-0.6623,-3.2258064516129106
20260409,20260408,002046.SZ,通用设备,国机精工,45.97,10.0,595152624.0,,24309080897.44,24648693282.56,2.5,58825004.0,102736,102736,0,1/1,1,U,45.97,45.31,18599755.0,0.0776281,-1.4357189471394305,0.18599755,243.09080896999998,5.050274223034745,4.52478399272398,54.6,55.52,86.0,72.0,48.0,100,100,100,0.86,0.72,0.48,False,False,46.67,45.31,1.5227,3.001544912822775
20260409,20260408,002131.SZ,通用设备,利欧股份,7.95,9.96,3743049712.0,,46505304543.9,53835641587.2,8.23,436247958.0,95300,100036,1,1/1,1,U,7.95,8.03,141594596.0,0.301436,1.0062893081761004,1.41594596,465.05304544,1.7925736235595569,7.14285714285714,8.55,10.4,32.0,16.0,5.0,100,100,100,0.32,0.16,0.05,False,False,8.0,8.03,0.6289,-0.3735990037359821
20260409,20260408,002155.SZ,贵金属,湖南黄金,32.07,10.02,2968162384.0,,50109703941.99,50114227575.84,6.07,79385276.0,135503,135503,0,1/1,1,U,32.07,30.88,66237600.0,0.137279,-3.710632990333651,0.662376,501.09703942,3.7864077669903073,13.361611876988345,37.06,43.67,99.0,54.0,17.0,100,100,100,0.99,0.54,0.17,False,False,31.03,30.88,-3.2429,0.4857512953367945
20260409,20260408,002188.SZ,房地产服务,中天服务,6.83,9.98,98280192.0,,1757789337.81,2234119445.76,5.74,25826279.0,130009,130009,0,1/1,1,U,6.83,6.6,6644880.0,0.391198,-3.3674963396779,0.0664488,17.57789338,2.8614457831325435,5.891472868217051,7.36,7.5,96.0,13.0,80.0,100,100,100,0.96,0.13,0.8,False,False,6.4,6.6,-6.2958,-3.0303030303030196
20260409,20260408,002213.SZ,半导体,大为股份,29.55,10.01,632037424.0,,6103761832.2,7017679386.0,10.62,129003480.0,100903,100903,0,1/1,1,U,29.55,30.16,23452416.0,0.376458,2.0642978003384105,0.23452416,61.03761832,1.4418125643666402,0.5444028581150118,31.9,32.61,19.0,14.0,42.0,100,100,100,0.19,0.14,0.42,False,False,32.51,30.16,10.0169,7.791777188328905
20260409,20260408,002217.SZ,光学光电,合力泰,2.46,9.82,897898608.0,,17907133081.86,18399321323.52,5.13,68636214.0,100930,102557,2,1/1,1,U,2.46,2.46,31719237.54,0.177132,0.0,0.3171923754,179.07133082000001,4.237288135593231,3.3613445378151363,2.71,3.39,48.0,37.0,33.0,100,100,100,0.48,0.37,0.33,False,False,2.57,2.46,4.4715,4.471544715447149
20260409,20260408,002273.SZ,光学光电,水晶光电,28.18,9.99,3375949024.0,,38387130045.72,39188016072.32,9.0,31681365.0,135100,140445,6,1/1,1,U,28.18,28.58,38780202.0,0.0996101,1.419446415897796,0.38780202,383.87130046,27.8584392014519,18.35363292734147,28.28,28.72,26.0,65.0,28.0,100,100,100,0.26,0.65,0.28,True,False,30.11,28.58,6.8488,5.353393981805462
20260409,20260408,002342.SZ,通用设备,巨力索具,14.17,10.02,1756142688.0,,13527957300.0,13603200000.0,13.59,146370814.0,130039,130039,0,1/1,1,U,14.17,14.5,80383650.0,0.580681,2.3288637967536996,0.8038365,135.279573,-1.5972222222222276,19.27609427609427,15.38,21.42,16.0,9.0,12.0,100,100,100,0.16,0.09,0.12,False,False,15.59,14.5,10.0212,7.517241379310343
20260409,20260408,002353.SZ,专用设备,杰瑞股份,111.83,10.0,2785014640.0,,77525464218.7,114497798587.2,3.63,79119836.0,93039,101006,1,1/1,1,U,111.83,111.61,26250672.0,0.0339275,-0.1967271751766031,0.26250672,775.25464219,15.52685950413224,12.959595959595948,117.8,129.99,61.0,95.0,39.0,100,100,100,0.61,0.95,0.39,False,False,112.49,111.61,0.5902,0.7884598154287209
20260409,20260408,002361.SZ,塑料,神剑股份,16.78,10.03,2484530960.0,,13577083671.52,15958366897.28,18.83,221348906.0,94336,94733,1,5/9,1,U,16.78,16.78,98345902.0,0.724352,0.0,0.98345902,135.77083672,1.696969696969708,51.17117117117118,18.3,18.3,48.0,7.0,9.0,100,100,100,0.48,0.07,0.09,False,False,16.41,16.78,-2.205,-2.205005959475572
20260409,20260408,002380.SZ,IT服务Ⅱ,科远智慧,33.19,10.01,155632095.0,,4704745229.1,7965322830.31,3.38,74103246.0,94518,94518,0,1/1,1,U,33.19,33.19,6515197.0,0.138481,0.0,0.06515197,47.047452289999995,7.724764686789998,5.1980982567353395,42.85,43.0,48.0,52.0,81.0,100,100,100,0.48,0.52,0.81,False,False,33.48,33.19,0.8738,0.8737571557698076
20260409,20260408,002384.SZ,元件,东山精密,119.91,10.0,2784781744.0,,166233837804.93,219628059641.76,1.68,1150556355.0,93000,93000,0,1/1,1,U,119.91,128.0,481113600.0,0.271128,6.746726711700446,4.811136,1662.33837805,16.07938044530495,11.5234375,120.5,120.5,6.0,20.0,2.0,100,100,100,0.06,0.2,0.02,True,True,131.9,128.0,9.9992,3.0468750000000044
20260409,20260408,002400.SZ,广告营销,省广集团,8.76,10.05,1899793312.0,,15121202053.68,15271633311.36,12.81,89967801.0,103330,143433,1,1/1,1,U,8.76,8.55,29856600.0,0.202298,-2.39726027397259,0.298566,151.21202054,2.696365767878084,3.423848878394331,9.73,13.9,92.0,30.0,37.0,100,100,100,0.92,0.3,0.37,False,False,8.58,8.55,-2.0548,0.3508771929824486
20260409,20260408,002421.SZ,IT服务Ⅱ,达实智能,2.73,10.08,167432851.0,,5478270538.65,5789187855.36,3.13,61034337.0,94733,94733,0,1/1,1,U,2.73,2.79,16174188.0,0.288893,2.19780219780219,0.16174188,54.782705390000004,5.405405405405417,3.409090909090895,2.91,3.23,17.0,17.0,51.0,100,100,100,0.17,0.17,0.51,False,False,2.74,2.79,0.3663,-1.7921146953404954
20260409,20260408,002449.SZ,光学光电,国星光电,8.33,10.04,242471168.0,,5151914817.77,5151914809.44,4.83,70075975.0,103921,103921,0,1/1,1,U,8.33,8.19,2832102.0,0.0559115,-1.6806722689075682,0.02832102,51.51914818,9.74967061923584,5.1767676767676685,9.58,9.58,88.0,81.0,95.0,100,100,100,0.88,0.81,0.95,False,False,8.14,8.19,-2.2809,-0.6105006105005975
20260409,20260408,002463.SZ,元件,沪电股份,84.07,10.0,8144604416.0,,161650677558.02,161781242471.52,5.18,181067612.0,130224,130721,2,1/1,1,U,84.07,84.68,168653091.36,0.10358,0.7255858213393696,1.6865309136000002,1616.5067755799998,10.662103461892848,2.1630817839348504,93.96,93.96,37.0,63.0,4.0,100,100,100,0.37,0.63,0.04,False,False,85.84,84.68,2.1054,1.369863013698626
20260409,20260408,002478.SZ,特钢Ⅱ,常宝股份,11.06,10.05,336867600.0,,7993326754.28,9962894717.44,4.22,41467258.0,93000,93448,2,1/1,1,U,11.06,11.08,16310890.16,0.203688,0.1808318264014508,0.1631089016,79.93326753999999,8.431372549019622,1.5610651974288237,13.1,13.87,47.0,29.0,50.0,100,100,100,0.47,0.29,0.5,False,False,11.09,11.08,0.2712,0.09025270758122551
20260409,20260408,002484.SZ,元件,江海股份,30.97,10.02,1265060704.0,,25410026047.05,26340726297.92,5.09,11545616.0,134609,145551,4,1/1,1,U,30.97,30.4,6490400.0,0.0260216,-1.8404907975460127,0.064904,254.10026047,7.088520055325032,16.210131332082554,32.78,35.83,90.0,99.0,82.0,100,100,100,0.9,0.99,0.82,False,False,30.89,30.4,-0.2583,1.6118421052631646
20260409,20260408,002536.SZ,汽车零部件,飞龙股份,30.51,9.99,823846016.0,,16609676798.25,17536717442.88,5.07,109803262.0,104057,104057,0,1/1,1,U,30.51,30.95,19098378.4,0.113349,1.4421501147164895,0.190983784,166.09676798,11.026200873362457,4.200819672131151,41.67,41.67,25.0,62.0,47.0,100,100,100,0.25,0.62,0.47,False,False,33.56,30.95,9.9967,8.432956381260107
20260409,20260408,002606.SZ,电网设备,大连电瓷,11.9,9.98,300328816.0,,5011590454.5,5224971270.4,6.21,13335140.0,144527,144527,0,1/1,1,U,11.9,11.79,1980720.0,0.0398915,-0.9243697478991675,0.0198072,50.11590455,7.692307692307687,4.294478527607359,14.48,14.77,77.0,89.0,97.0,100,100,100,0.77,0.89,0.97,False,False,11.72,11.79,-1.5126,-0.5937234944868406
20260409,20260408,002634.SZ,服装家纺,棒杰股份,9.67,10.01,265621007.0,,4317795582.46,4441938791.04,6.35,44636720.0,110809,110809,0,1/1,1,U,9.67,9.5,6682300.0,0.157531,-1.7580144777662898,0.066823,43.17795582,8.165548098434016,51.56739811912225,9.67,9.67,89.0,45.0,79.0,100,100,100,0.89,0.45,0.79,False,False,9.34,9.5,-3.4126,-1.6842105263157907
20260409,20260408,002708.SZ,汽车零部件,光洋股份,12.79,9.97,250503862.0,,6608037287.29,7189233010.72,3.91,15263279.0,142103,142103,0,1/1,1,U,12.79,12.64,1974368.0,0.0302329,-1.1727912431587106,0.01974368,66.08037286999999,9.129692832764501,10.64013840830449,13.45,14.91,81.0,98.0,98.0,100,100,100,0.81,0.98,0.98,False,False,13.49,12.64,5.473,6.724683544303795
20260409,20260408,002716.SZ,贵金属,湖南白银,12.49,10.04,2605290160.0,,29037429332.7,35260377113.6,9.14,143820226.0,105027,130445,1,1/1,1,U,12.49,12.06,61410726.0,0.219029,-3.4427542033626857,0.61410726,290.37429333,3.737541528239219,7.302405498281783,15.23,21.3,98.0,26.0,18.0,100,100,100,0.98,0.26,0.18,False,False,12.07,12.06,-3.3627,0.08291873963515577
20260409,20260408,002797.SZ,证券Ⅱ,第一创业,7.76,10.07,3094975296.0,,32610624000.0,32610624000.0,9.69,112863015.0,132148,140109,2,1/1,1,U,7.76,7.65,69512390.55,0.216224,-1.4175257731958713,0.6951239054999999,326.10624,8.835904628330994,1.7038007863696025,7.96,7.96,85.0,27.0,16.0,100,100,100,0.85,0.27,0.16,False,False,7.65,7.65,-1.4175,0.0
20260409,20260408,002899.SZ,文娱用品,英派斯,31.96,10.02,239546660.0,,4723591352.96,4723591352.96,5.15,1294380.0,143227,145639,3,1/1,1,U,31.96,32.12,1461460.0,0.0307855,0.5006257822277815,0.0146146,47.235913530000005,12.574850299401197,11.592178770949712,33.05,34.78,39.0,97.0,100.0,100,100,100,0.39,0.97,1.0,False,False,32.01,32.12,0.1564,-0.3424657534246558
20260409,20260408,002902.SZ,通信设备,铭普光磁,29.37,10.0,1291527984.0,,5217059065.02,6902216150.94,24.99,267473294.0,92500,94027,1,1/1,1,U,29.37,29.91,89206575.0,1.67903,1.8386108273748647,0.89206575,52.17059065,12.27064220183487,24.501907587961004,29.87,29.87,22.0,4.0,10.0,100,100,100,0.22,0.04,0.1,True,True,28.83,29.91,-1.8386,-3.610832497492483
20260409,20260408,002916.SZ,元件,深南电路,237.51,10.0,3613642896.0,,157898892469.5,161783877265.92,2.34,180335405.0,105433,112815,3,1/1,1,U,237.51,237.04,60018528.0,0.0380861,-0.19788640478295427,0.60018528,1578.9889246999999,8.200082000820007,1.0551844445389813,268.3,295.66,62.0,90.0,19.0,100,100,100,0.62,0.9,0.19,False,False,243.0,237.04,2.3115,2.5143435707053694
20260409,20260408,002921.SZ,汽车零部件,联诚精密,26.08,10.0,176598671.0,,3351322510.4,3885140912.16,5.44,74811627.0,130745,130745,0,1/1,1,U,26.08,26.0,1502800.0,0.04498,-0.30674846625766694,0.015028,33.5132251,10.743099787685772,13.489991296779792,27.5,28.5,66.0,86.0,99.0,100,100,100,0.66,0.86,0.99,False,False,26.33,26.0,0.9586,1.2692307692307625
20260409,20260408,002928.SZ,航空机场,华夏航空,8.58,10.0,150660205.0,,10967257801.5,10967312516.16,1.38,127508667.0,93000,93000,0,1/1,1,U,8.58,8.29,9734118.0,0.091861,-3.379953379953393,0.09734118,109.67257801999999,9.438775510204088,9.578544061302674,9.72,11.96,97.0,66.0,65.0,100,100,100,0.97,0.66,0.65,False,False,8.57,8.29,-0.1166,3.3775633293124385
20260409,20260408,002929.SZ,通信服务,润建股份,52.16,10.0,1285802512.0,,10982848354.88,14817773870.08,11.99,63776032.0,130121,133145,9,1/1,1,U,52.16,53.93,28750083.0,0.253181,3.3934049079754613,0.28750083,109.82848355,7.612956467918286,8.08122668876916,54.55,54.55,10.0,23.0,38.0,100,100,100,0.1,0.23,0.38,False,False,53.64,53.93,2.8374,-0.5377340997589453
20260409,20260408,002975.SZ,自动化设,博杰股份,79.0,10.0,806382304.0,,8362859420.0,12663904847.0,9.88,56777300.0,110203,112054,6,1/1,1,U,79.0,83.21,32876271.0,0.373232,5.329113924050621,0.32876271,83.62859420000001,12.535612535612529,15.39585159217063,81.78,91.0,7.0,15.0,31.0,100,100,100,0.07,0.15,0.31,True,False,86.9,83.21,10.0,4.434563153467146
20260409,20260408,002995.SZ,广告营销,天地在线,24.76,10.0,475486544.0,,2783450070.08,4393772924.8,17.64,94508845.0,102348,102348,0,1/1,1,U,24.76,24.75,18381825.0,0.660664,-0.040387722132473325,0.18381825,27.8345007,0.40551500405514584,8.16950633464395,27.19,38.56,58.0,8.0,49.0,100,100,100,0.58,0.08,0.49,False,False,24.84,24.75,0.3231,0.3636363636363631
20260409,20260408,003041.SZ,服装家纺,真爱美家,53.33,10.0,308021424.0,,7296791922.0,7679520000.0,4.31,7156886.0,105636,142424,2,1/1,1,U,53.33,53.22,4326786.0,0.0594197,-0.20626289143070853,0.04326786,72.96791922,7.99918995544755,5.834490970430628,69.85,74.0,63.0,78.0,89.0,100,100,100,0.63,0.78,0.89,False,False,52.45,53.22,-1.6501,-1.4468245020668846
20260409,20260408,600105.SH,通信设备,永鼎股份,33.23,10.0,5002986752.0,,48582087270.46,48582087204.0,10.51,223133800.0,133518,133518,0,1/1,1,U,33.23,33.95,74527040.0,0.150151,2.1667168221486843,0.7452704,485.8208727,19.790915645277572,31.812772709242342,33.23,33.23,18.0,47.0,15.0,100,100,100,0.18,0.47,0.15,True,True,34.64,33.95,4.2432,2.0324005891016133
20260409,20260408,600114.SH,通用设备,东睦股份,30.04,10.0,692502672.0,,18516159649.08,18966759498.88,3.83,25471336.0,132115,141530,12,1/1,1,U,30.04,30.0,6892410.0,0.0372734,-0.13315579227696217,0.0689241,185.16159649,8.213256484149856,13.059841926985328,32.99,37.22,59.0,91.0,78.0,100,100,100,0.59,0.91,0.78,False,False,30.05,30.0,0.0333,0.16666666666666904
20260409,20260408,600115.SH,航空机场,中国东航,4.66,9.91,1087363888.0,,79336336401.38,102928852444.16,1.38,28104012.0,93307,103316,6,1/1,1,U,4.66,4.53,36599682.0,0.0474562,-2.7896995708154515,0.36599682,793.36336401,9.64705882352941,11.483253588516762,4.93,6.48,95.0,84.0,29.0,100,100,100,0.95,0.84,0.29,False,False,4.61,4.53,-1.073,1.766004415011039
20260409,20260408,600126.SH,普钢,杭钢股份,9.31,10.05,543161328.0,,31441630362.73,31441630409.28,1.73,271564218.0,92502,92502,0,1/1,1,U,9.31,10.24,712712192.0,2.06091,9.98925886143931,7.12712192,314.41630362999996,8.761682242990654,14.093137254901954,9.98,9.98,3.0,2.0,1.0,100,100,100,0.03,0.02,0.01,True,True,9.49,10.24,1.9334,-7.32421875
20260409,20260408,600186.SH,调味发酵,莲花控股,7.63,9.94,929546592.0,,13583599660.33,13678794203.2,6.92,84470661.0,93249,93346,1,1/1,1,U,7.63,7.56,35968212.0,0.267243,-0.9174311926605561,0.35968212,135.83599660000002,7.4647887323943785,12.703101920236337,7.63,7.63,76.0,21.0,30.0,100,100,100,0.76,0.21,0.3,False,False,7.47,7.56,-2.097,-1.1904761904761887
20260409,20260408,600301.SH,小金属,华锡有色,52.53,10.01,749566928.0,,14463383322.93,33228769304.16,5.27,29359017.0,140201,140804,1,1/1,1,U,52.53,52.0,7566000.0,0.0528446,-1.0089472682276779,0.07566,144.63383323,8.757763975155285,12.052047781569964,65.22,77.77,79.0,82.0,74.0,100,100,100,0.79,0.82,0.74,False,False,51.71,52.0,-1.561,-0.557692307692306
20260409,20260408,600356.SH,造纸,恒丰纸业,9.41,10.06,205957348.0,,2811062266.98,3100938577.92,7.43,34141399.0,94439,100209,1,1/1,1,U,9.41,9.5,3756300.0,0.13236,0.9564293304994642,0.037563,28.11062267,8.912037037037024,12.29116945107398,9.62,10.22,34.0,55.0,90.0,100,100,100,0.34,0.55,0.9,False,False,9.24,9.5,-1.8066,-2.7368421052631557
20260409,20260408,600589.SH,IT服务Ⅱ,大位科技,10.87,10.02,937102496.0,,16070967704.3,16138361682.56,5.93,135040738.0,93850,93850,0,1/1,1,U,10.87,10.87,30329474.0,0.188722,0.0,0.30329474,160.70967704,1.7790262172284521,7.305034550839085,12.42,15.25,48.0,35.0,36.0,100,100,100,0.48,0.35,0.36,False,False,11.04,10.87,1.5639,1.5639374425022994
20260409,20260408,600641.SH,半导体,先导基电,21.09,10.02,1754679856.0,,19626985012.8,19626985012.8,9.17,24159544.0,104425,133404,5,1/1,1,U,21.09,20.92,39782288.0,0.204339,-0.8060692271218528,0.39782288,196.26985012999998,14.744287268770417,10.361067503924648,21.09,21.29,74.0,28.0,26.0,100,100,100,0.74,0.28,0.26,False,False,21.06,20.92,-0.1422,0.6692160611854541
20260409,20260408,600666.SH,光学光电,奥瑞德,6.5,9.98,1137312720.0,,15728394077.5,17884408048.0,7.31,334516390.0,93129,93129,0,1/1,1,U,6.5,7.15,348766275.0,2.01585,10.000000000000009,3.48766275,157.28394078,14.035087719298245,35.41666666666667,6.65,6.65,1.0,3.0,3.0,100,100,100,0.01,0.03,0.03,True,True,6.56,7.15,0.9231,-8.251748251748262
20260409,20260408,600721.SH,医疗服务,百花医药,11.2,10.02,73080213.0,,4306933512.0,4306933478.4,1.7,159808107.0,92502,92502,0,1/1,1,U,11.2,11.2,106690080.0,2.47717,0.0,1.0669008,43.06933512,23.076923076923084,21.475054229934898,11.2,12.6,48.0,1.0,8.0,100,100,100,0.48,0.01,0.08,True,False,10.2,11.2,-8.9286,-8.928571428571429
20260409,20260408,600815.SH,工程机械,厦工股份,3.86,9.97,206308364.0,,6848004692.8,6848004692.8,3.1,63150294.0,94835,94835,0,1/1,1,U,3.86,3.86,12104188.0,0.176755,0.0,0.12104188,68.48004693,-3.500000000000003,-1.025641025641022,4.72,4.72,48.0,38.0,60.0,100,100,100,0.48,0.38,0.6,False,False,3.73,3.86,-3.3679,-3.367875647668391
20260409,20260408,600841.SH,汽车零部件,动力新科,9.13,10.0,159121862.0,,9522813538.92,12670812960.96,1.69,113421077.0,94201,94201,0,1/1,1,U,9.13,9.17,5644135.0,0.0590111,0.4381161007666945,0.05644135,95.22813539,6.286379511059392,12.162162162162172,10.16,11.32,42.0,79.0,85.0,100,100,100,0.42,0.79,0.85,False,False,9.02,9.17,-1.2048,-1.6357688113413342
20260409,20260408,600869.SH,电网设备,远东股份,15.83,10.01,2051136256.0,,35132353969.18,35132354064.16,6.07,130305848.0,133749,135910,1,2/3,1,U,15.83,15.64,44237740.0,0.127447,-1.2002526847757378,0.4423774,351.32353969,17.433234421364972,23.96241190289743,15.83,15.83,83.0,56.0,22.0,100,100,100,0.83,0.56,0.22,False,False,15.98,15.64,0.9476,2.17391304347826
20260409,20260408,600875.SH,其他电源,东方电气,38.3,9.99,4492875264.0,,86686940588.5,132455200256.0,5.22,137331697.0,94602,131111,4,1/1,1,U,38.3,37.9,77300840.0,0.0901136,-1.0443864229764954,0.7730084,866.86940589,9.272467902995718,3.151090762186892,42.62,45.38,80.0,67.0,14.0,100,100,100,0.8,0.67,0.14,False,False,38.31,37.9,0.0261,1.0817941952506693
20260409,20260408,600984.SH,工程机械,建设机械,4.16,10.05,137715569.0,,5229302728.0,5229302707.2,2.66,64539750.0,93525,93828,2,1/1,1,U,4.16,4.22,9324934.0,0.175785,1.4423076923076872,0.09324934,52.29302728,4.785894206549113,6.1224489795918435,4.87,5.31,24.0,39.0,68.0,100,100,100,0.24,0.39,0.68,False,False,4.12,4.22,-0.9615,-2.3696682464454897
20260409,20260408,600986.SH,广告营销,浙文互联,10.1,10.02,947218800.0,,15022478026.2,15022478046.4,6.45,123848391.0,101221,101221,0,1/1,1,U,10.1,10.15,43163890.0,0.285913,0.4950495049504955,0.4316389,150.22478026000002,3.696098562628336,6.0924369747899165,11.19,16.48,40.0,18.0,23.0,100,100,100,0.4,0.18,0.23,False,False,10.41,10.15,3.0693,2.5615763546798007
20260409,20260408,601002.SH,通用设备,晋亿实业,5.82,10.02,318612144.0,,5554844990.4,5554844990.4,5.87,57027205.0,101917,101917,0,1/1,1,U,5.82,5.79,8141319.0,0.147322,-0.5154639175257825,0.08141319,55.548449899999994,-3.482587064676612,15.476190476190489,6.08,6.08,69.0,48.0,73.0,100,100,100,0.69,0.48,0.73,False,False,5.85,5.79,0.5155,1.0362694300518067
20260409,20260408,601069.SH,贵金属,西部黄金,33.2,10.01,206485441.0,,29454656307.6,30245170784.0,0.7,159725200.0,92501,92501,0,1/1,1,U,33.2,33.31,50304762.0,0.170223,0.3313253012048101,0.50304762,294.54656308,5.564387917329094,10.666666666666668,38.25,50.5,44.0,41.0,20.0,100,100,100,0.44,0.41,0.2,False,False,35.43,33.31,6.7169,6.364455118583
20260409,20260408,601137.SH,金属新材,博威合金,19.56,10.01,624203664.0,,17952313722.0,17965614639.36,3.57,9198618.0,134117,141805,8,1/1,1,U,19.56,19.42,6074576.0,0.0340812,-0.7157464212678821,0.06074576,179.52313722000002,8.30564784053156,6.073752711496727,21.35,23.88,72.0,94.0,83.0,100,100,100,0.72,0.94,0.83,False,False,19.35,19.42,-1.0736,-0.36045314109165955
20260409,20260408,603045.SH,金属新材,福达合金,31.35,10.0,143697290.0,,4246205609.25,4246205609.25,3.51,31083525.0,135118,135118,0,1/1,1,U,31.35,31.26,2941566.0,0.0694746,-0.2870813397129135,0.02941566,42.46205609,11.170212765957466,5.2719946272666185,35.0,36.67,65.0,75.0,93.0,100,100,100,0.65,0.75,0.93,False,False,31.64,31.26,0.925,1.2156110044785637
20260409,20260408,603083.SH,通信设备,剑桥科技,111.55,10.0,4156454640.0,,30741883008.15,39338148550.4,13.77,137987350.0,110821,111721,1,1/1,1,U,111.55,112.93,81603218.0,0.262203,1.2371134020618735,0.81603218,307.41883007999996,9.793307086614167,5.3849787435049645,131.68,131.68,29.0,22.0,11.0,100,100,100,0.29,0.22,0.11,False,False,115.55,112.93,3.5858,2.320021252103064
20260409,20260408,603138.SH,IT服务Ⅱ,海量数据,19.91,10.0,569400416.0,,5740906143.5,5851005536.64,10.05,41844170.0,94056,130753,1,1/1,1,U,19.91,20.0,10028000.0,0.17389,0.45203415369161615,0.10028,57.409061439999995,-3.019970774476377,6.186666666666674,23.9,24.9,41.0,40.0,64.0,100,100,100,0.41,0.4,0.64,False,False,19.55,20.0,-1.8081,-2.2499999999999964
20260409,20260408,603175.SH,元件,超颖电子,84.02,10.0,469225792.0,,3696821858.16,36719204138.56,12.94,66523759.0,94928,101349,1,1/1,1,U,84.02,84.7,7233380.0,0.194094,0.8093311116400992,0.0723338,36.96821858,6.651434374206655,4.67173290145757,99.99,99.99,36.0,32.0,77.0,100,100,100,0.36,0.32,0.77,False,False,88.49,84.7,5.3202,4.4746162927981015
20260409,20260408,603196.SH,服装家纺,璞源材料,30.99,10.01,192265379.0,,7344266859.18,12975123765.6,2.68,112106325.0,95028,95028,0,1/1,1,U,30.99,32.32,11680448.0,0.152497,4.291707002258804,0.11680448,73.44266859000001,19.009216589861744,15.505031680954161,30.99,30.99,8.0,46.0,61.0,100,100,100,0.08,0.46,0.61,True,True,31.33,32.32,1.0971,-3.0631188118811945
20260409,20260408,603203.SH,自动化设,快克智能,42.1,10.01,380545152.0,,10489354687.8,10679133067.8,3.75,11767413.0,143540,143540,0,1/1,1,U,42.1,41.88,3610056.0,0.0345972,-0.5225653206650804,0.03610056,104.89354687999999,19.977201481903673,19.02742437093583,42.93,42.93,70.0,93.0,91.0,100,100,100,0.7,0.93,0.91,False,False,44.2,41.88,4.9881,5.5396370582617
20260409,20260408,603211.SH,汽车零部件,晋拓股份,26.09,9.99,359850912.0,,7091470720.0,7091470720.0,5.15,42717157.0,94954,100742,1,1/1,1,U,26.09,26.0,8585200.0,0.121483,-0.3449597546952843,0.085852,70.91470720000001,3.0817858553931377,3.2858273950910455,26.09,26.09,67.0,58.0,69.0,100,100,100,0.67,0.58,0.69,False,False,26.3,26.0,0.8049,1.1538461538461564
20260409,20260408,603272.SH,家居用品,联翔股份,33.13,9.99,90515832.0,,3433162510.0,3433162510.0,2.73,39398196.0,93958,93958,0,1/1,1,U,33.13,34.35,3596445.0,0.101035,3.682463024449145,0.03596445,34.3316251,0.3939393939393909,31.572676727561564,37.0,37.0,9.0,64.0,92.0,100,100,100,0.09,0.64,0.92,False,False,33.65,34.35,1.5696,-2.037845705967985
20260409,20260408,603306.SH,汽车零部件,华懋科技,88.24,10.0,1320481136.0,,29074625122.8,29074625387.52,4.66,21080536.0,140327,144845,7,1/1,1,U,88.24,89.2,12951840.0,0.0440675,1.0879419764279419,0.1295184,290.74625123,16.71957671957671,17.810413885180232,92.68,95.48,31.0,87.0,58.0,100,100,100,0.31,0.87,0.58,False,False,97.06,89.2,9.9955,8.811659192825111
20260409,20260408,603308.SH,通用设备,应流股份,67.0,10.0,1460674800.0,,45495733734.0,45495733600.0,3.26,67406154.0,102039,102706,1,1/1,1,U,67.0,67.8,21472260.0,0.0466393,1.1940298507462588,0.2147226,454.95733734,8.537178033371129,8.537178033371129,69.58,76.94,30.0,85.0,44.0,100,100,100,0.3,0.85,0.44,False,False,68.7,67.8,2.5373,1.3274336283185926
20260409,20260408,603311.SH,家电零部,金海高科,17.41,9.98,140808649.0,,4106738820.87,4106738820.87,3.51,89125272.0,104542,104542,0,1/1,1,U,17.41,17.14,2778394.0,0.0687202,-1.5508328546812167,0.02778394,41.06738821,6.093845216331495,13.939790575916234,17.55,17.55,87.0,76.0,96.0,100,100,100,0.87,0.76,0.96,False,False,17.47,17.14,0.3446,1.9253208868144591
20260409,20260408,603315.SH,环境治理,福鞍股份,14.53,9.99,106372288.0,,4654921815.92,4654921932.16,2.34,82544871.0,101059,101059,0,1/1,1,U,14.53,14.58,2932038.0,0.0627719,0.34411562284928365,0.02932038,46.54921816,5.061460592913947,2.4682651622002894,16.8,17.95,43.0,77.0,94.0,100,100,100,0.43,0.77,0.94,False,False,15.18,14.58,4.4735,4.115226337448557
20260409,20260408,603328.SH,元件,依顿电子,12.28,10.04,743693488.0,,12260875263.08,12260875226.24,6.18,16951066.0,103317,132108,4,1/1,1,U,12.28,12.38,23842642.0,0.19289,0.8143322475570258,0.23842642,122.60875263,11.030741410488233,8.003518029903244,12.96,13.45,35.0,34.0,41.0,100,100,100,0.35,0.34,0.41,False,False,12.7,12.38,3.4202,2.584814216478178
20260409,20260408,603516.SH,计算机设,淳中科技,141.68,10.0,837182768.0,,28799049768.72,28799049768.72,3.01,111728848.0,131631,131631,0,1/1,1,U,141.68,141.99,7383480.0,0.025582,0.21880293619425117,0.0738348,287.99049769000004,2.3625460588107883,-0.3025825065090526,166.5,267.6,46.0,100.0,75.0,100,100,100,0.46,1.0,0.75,False,False,148.23,141.99,4.6231,4.394675681385999
20260409,20260408,603538.SH,化学制药,美诺华,43.24,10.0,729347808.0,,9349939480.32,9533894547.52,7.8,240661430.0,92502,92502,0,7/13,1,U,43.24,46.5,138862950.0,1.38105,7.539315448658646,1.3886295,93.4993948,5.721271393643046,46.875,44.43,44.43,5.0,5.0,6.0,100,100,100,0.05,0.05,0.06,True,True,45.5,46.5,5.2266,-2.1505376344086025
20260409,20260408,603598.SH,广告营销,引力传媒,21.25,9.99,456125760.0,,5724386625.0,5730761540.0,8.23,68027625.0,105932,105932,0,1/1,1,U,21.25,21.0,9382800.0,0.165861,-1.17647058823529,0.093828,57.243866249999996,7.26905603230692,11.959957850368808,21.6,34.48,82.0,42.0,67.0,100,100,100,0.82,0.42,0.67,False,False,20.79,21.0,-2.1647,-1.000000000000004
20260409,20260408,603629.SH,消费电子,利通电子,70.4,10.0,1976427216.0,,18082380800.0,18467328000.0,11.24,111711001.0,102857,102857,0,1/1,1,U,70.4,71.42,42152084.0,0.229782,1.4488636363636287,0.42152084,180.823808,9.589041095890426,23.55212355212357,71.88,71.88,23.0,25.0,24.0,100,100,100,0.23,0.25,0.24,False,False,74.62,71.42,5.9943,4.480537664519747
20260409,20260408,603757.SH,通用设备,大元泵业,49.24,10.01,889186480.0,,9185587033.16,9185587033.16,10.05,51245889.0,130015,130015,0,1/1,1,U,49.24,48.88,10763376.0,0.11804,-0.7311129163281915,0.10763376,91.85587033,22.123015873015884,13.117390305536404,51.9,51.9,73.0,59.0,63.0,100,100,100,0.73,0.59,0.63,False,False,54.16,48.88,9.9919,10.801963993453342
20260409,20260408,603777.SH,休闲食品,来伊份,14.03,10.04,275906976.0,,4691971048.98,4691970964.8,6.05,4944172.0,141215,141721,3,1/1,1,U,14.03,15.43,39324898.0,0.762086,9.978617248752686,0.39324898,46.91971049,7.017543859649122,7.427258805513004,14.55,14.55,4.0,6.0,27.0,100,100,100,0.04,0.06,0.27,True,True,15.43,15.43,9.9786,0.0
20260409,20260408,603881.SH,通信服务,数据港,39.25,10.01,3275405824.0,,28196297210.75,28196296936.0,11.92,106908561.0,130024,130548,1,1/1,1,U,39.25,38.98,77336320.0,0.276178,-0.6878980891719788,0.7733632,281.96297211,2.4002087138011996,7.918614242507571,40.56,45.12,71.0,19.0,13.0,100,100,100,0.71,0.19,0.13,False,False,39.0,38.98,-0.6369,0.05130836326321992
20260409,20260408,603890.SH,消费电子,春秋电子,15.61,10.01,780162176.0,,6974679139.61,6974679124.0,11.38,6474263.0,104112,144324,1,1/1,1,U,15.61,15.47,9546537.0,0.138113,-0.8968609865470767,0.09546537,69.74679139999999,14.275256222547572,15.288035450516979,15.61,16.77,75.0,53.0,66.0,100,100,100,0.75,0.53,0.66,False,False,15.78,15.47,1.089,2.0038784744667013
20260409,20260408,603920.SH,元件,世运电路,54.08,10.01,1228995088.0,,38969632503.36,38969632665.6,3.23,315099607.0,100810,100810,0,1/1,1,U,54.08,54.62,32646374.0,0.0829457,0.9985207100591698,0.32646374,389.69632502999997,8.944399677679282,6.45669291338582,59.8,72.68,33.0,70.0,32.0,100,100,100,0.33,0.7,0.32,False,False,57.08,54.62,5.5473,4.503844745514465
20260409,20260408,603950.SH,汽车零部件,长源东谷,40.8,10.0,107540640.0,,13203157440.0,13224536640.0,0.81,350015040.0,92503,92503,0,1/1,1,U,40.8,44.88,8401536.0,0.057848,10.000000000000009,0.08401536,132.03157439999998,-5.446118192352268,-20.93023255813954,57.43,57.43,1.0,80.0,71.0,100,100,100,0.01,0.8,0.71,False,False,44.88,44.88,10.0,0.0
20260409,20260408,605016.SH,化学制品,百龙创园,26.58,10.02,200756832.0,,11163927465.6,11163927465.6,1.8,81447924.0,93039,93933,4,1/1,1,U,26.58,24.96,15360384.0,0.14652,-6.094808126410822,0.15360384,111.63927466,6.746987951807237,12.199240185732375,26.58,27.32,100.0,49.0,53.0,100,100,100,1.0,0.49,0.53,False,False,28.07,24.96,5.6057,12.459935897435894
20260409,20260408,605060.SH,通用设备,联德股份,52.98,10.01,164924178.0,,12659062392.0,12746564160.0,1.31,40439634.0,93327,93442,1,1/1,1,U,52.98,53.65,4651455.0,0.0362852,1.2646281615704025,0.04651455,126.59062392,6.278836509528585,-2.359012163656471,63.93,74.0,28.0,92.0,88.0,100,100,100,0.28,0.92,0.88,False,False,53.66,53.65,1.2835,0.018639328984152864
20260409,20260408,605258.SH,元件,协和电子,37.26,10.01,126755288.0,,3278880000.0,3278880000.0,3.98,53143938.0,104656,104656,0,1/1,1,U,37.26,38.38,5507530.0,0.163068,3.005904455179831,0.0550753,32.7888,13.011828935395808,14.294478527607346,38.25,38.25,12.0,43.0,86.0,100,100,100,0.12,0.43,0.86,True,True,36.99,38.38,-0.7246,-3.6216779572694127
20260409,20260408,605287.SH,装修装饰,德才股份,42.53,10.01,293299648.0,,5954200000.0,5954200000.0,5.07,123390587.0,100202,100202,0,1/1,1,U,42.53,42.53,8348639.0,0.140214,0.0,0.08348639,59.542,3.7823328452903926,5.822343866633495,55.36,67.94,48.0,51.0,72.0,100,100,100,0.48,0.51,0.72,False,False,43.4,42.53,2.0456,2.045614860098748
20260409,20260408,605289.SH,专业工程,罗曼股份,109.41,10.0,575933776.0,,11853205875.0,11926510575.0,5.02,35952126.0,144156,144156,0,1/1,1,U,109.41,109.41,5065683.0,0.0427368,0.0,0.05065683,118.53205874999999,15.545464146161159,6.367878670036942,143.0,143.0,48.0,88.0,87.0,100,100,100,0.48,0.88,0.87,False,False,111.06,109.41,1.5081,1.508088840142588
20260409,20260408,605305.SH,工程机械,中际联合,42.76,10.01,443149040.0,,9087355200.0,9087355200.0,5.01,6063368.0,131824,145157,4,1/1,1,U,42.76,42.69,7351218.0,0.0810277,-0.16370439663236924,0.07351218,90.873552,4.471048130955291,8.362899138367963,44.68,49.77,60.0,71.0,76.0,100,100,100,0.6,0.71,0.76,False,False,42.43,42.69,-0.7717,-0.6090419301944203
20260409,20260408,605318.SH,装修建材,法狮龙,84.7,10.0,376381664.0,,10649248671.6,10649248671.6,3.63,20268710.0,132300,134139,7,1/1,1,U,84.7,87.01,12886181.0,0.117793,2.7272727272727337,0.12886181,106.49248672,15.144100054377386,19.39667324499579,84.7,84.7,14.0,60.0,59.0,100,100,100,0.14,0.6,0.59,True,True,93.17,87.01,10.0,7.079646017699111
